word,count
letter,3
like,1
batumi,4
clean,1
blog,1
that,1
view,3
impact,1
energy,2
bacikle,2
source,1
our,1
it,3
named,1
your,2
sustainable,1
provide,1
environmental,1
before,1
rozum,1
left,2
today,1
point,3
you,3
of,5
without,1
test,3
explore,1
breakthrough,1
have,1
modules,3
way,1
news,2
revolutionary,1
groundbreaking,1
with,2
to,4
city,2
world,1
ecofusion,1
innovation,1
companion,1
mikalai,1
actual,2
private,3
from,3
ad,2
enchanting,1
promises,1
until,2
the,4
announcement,1
never,1
could,1
we,1
cycling,1
need,3
cases,3
technology,1
at,1
unveiled,1
days,2
new,1
global,1
summit,1
transform,1
any,1
a,3
normalize,3
discover,1
and,1
power,1
in,2
scientists,1
harmful,1
personal,1
limitless,1
author,1
